{
	"default-server": "http://snmb.ambiente.gob.ar/geo-server",
	"wmsLayers": [
		{
			"id": "osm",
			"type": "osm",
			"osmUrls": [
				"http://a.tile.openstreetmap.org/${z}/${x}/${y}.png",
				"http://b.tile.openstreetmap.org/${z}/${x}/${y}.png",
				"http://c.tile.openstreetmap.org/${z}/${x}/${y}.png"
			]
		},
		{
			"id": "blue-marble",
			"baseUrl": "http://rdc-snsf.org/diss_geoserver/wms",
			"wmsName": "unredd:blue_marble",
			"imageFormat": "image/jpeg",
			"visible": true
		},
		{
			"id": "map-pchbn06_3857",
			"label": "Parque Chaqueño",
			"baseUrl": "/gwc/service/wms",
			"wmsName": "bosques_umsef_db:pch9806_3857",
			"imageFormat": "image/png8",
			"legend": "auto",
			"visible": true
		},
		{
			"id": "limites_provinciales",
			"label": "L\u00edmites provinciales",
			"baseUrl": "/gwc/service/wms",
			"wmsName": "bosques_umsef_db:limites_provinciales",
			"imageFormat": "image/png8",
			"visible": true,
			"queryType": "wfs",
			"queryUrl": "http://snmb.ambiente.gob.ar/geo-server/wfs",
			"queryGeomFieldName": "geom",
			"queryFieldNames": [
				"nprov",
				"cod_indec"
			],
			"queryFieldAliases": [
				"Nombre",
				"Codigo"
			]
		}
	],
	"portalLayers": [
		{
			"id": "blue-marble",
			"active": false,
			"label": "Blue marble",
			"layers": [
				"blue-marble"
			]
		},
		{
			"id": "osm",
			"active": true,
			"label": "Open Street Map",
			"layers": [
				"osm"
			]
		},
		{
			"id": "limites_provinciales",
			"label": "L\u00edmites provinciales",
			"active": true,
			"layers": ["limites_provinciales"],
			"infoFile": "argentina.html"
		},
		{
			"id": "pchbn06_3857",
			"label": "Parque Chaqueño",
			"active": true,
			"layers": ["map-pchbn06_3857"],
			"feedback": true,
			"timeInstances": "1998-01-01T00:00:00.000Z,2002-01-01T00:00:00.000Z,2006-01-01T00:00:00.000Z",
			"infoFile": "argentina.html"
		}
	],
	"groups": [
		{
			"id": "base",
			"label": "${base_layers}",
			"items": ["osm","blue-marble"]
		},
		{
			"id": "admin",
			"label": "${admin_areas}",
			"items": ["limites_provinciales"]
		},
		{
			"id": "landcover",
			"label": "${landcover}",
			"items": [
				"pchbn06_3857"
			]
		}
	]
}
